代码,简称,日期,前收盘价(元),开盘价(元),最高价(元),最低价(元),收盘价(元),成交量(股),成交金额(元),涨跌(元),涨跌幅(%),均价(元),换手率(%),A股流通市值(元),B股流通市值(元),总市值(元),A股流通股本(股),B股流通股本(股),总股本(股),市盈率,市净率,市销率,市现率,
001270.SZ,铖昌科技,20220606,,26.02,31.22,26.02,31.22,594922,18478653,9.54,44.0037,31.0606,2.1283,872708270,,3490800174.12,27953500,0,111812946,19.9818,4.9299,16.5493,-18.5286,
001270.SZ,铖昌科技,20220607,31.22,34.34,34.34,34.34,34.34,98323,3376412,3.12,9.9936,34.34,0.3517,959923190,,3839656565.64,27953500,0,111812946,21.9787,5.4226,18.2032,-20.3803,
001270.SZ,铖昌科技,20220608,34.34,37.77,37.77,37.77,37.77,115013,4344041,3.43,9.9884,37.77,0.4114,1055803695,,4223174970.42,27953500,0,111812946,24.174,5.9642,20.0213,-22.416,
001270.SZ,铖昌科技,20220609,37.77,41.55,41.55,41.55,41.55,189589,7877423,3.78,10.0079,41.55,0.6782,1161467925,,4645827906.3,27953500,0,111812946,26.5933,6.5611,22.0251,-24.6593,
001270.SZ,铖昌科技,20220610,41.55,45.71,45.71,45.71,45.71,300936,13755785,4.16,10.012,45.71,1.0766,1277754485,,5110969761.66,27953500,0,111812946,29.2558,7.218,24.2302,-27.1282,
001270.SZ,铖昌科技,20220613,45.71,50.28,50.28,50.28,50.28,790921,39767508,4.57,9.9978,50.28,2.8294,1405501980,,5621954924.88,27953500,0,111812946,32.1807,7.9397,26.6527,-29.8405,
001270.SZ,铖昌科技,20220614,50.28,55.31,55.31,55.31,55.31,288441,15953672,5.03,10.004,55.31,1.0319,1546108085,,6184374043.26,27953500,0,111812946,35.4001,8.7339,29.3191,-32.8257,
001270.SZ,铖昌科技,20220615,55.31,60.84,60.84,60.84,60.84,124897,7598733,5.53,9.9982,60.84,0.4468,1700690940,,6802699634.64,27953500,0,111812946,38.9395,9.6072,32.2504,-36.1077,
001270.SZ,铖昌科技,20220616,60.84,66.92,66.92,66.92,66.92,162858,10898457,6.08,9.9934,66.92,0.5826,1870648220,,7482522346.32,27953500,0,111812946,42.8309,10.5673,35.4734,-39.7161,
001270.SZ,铖昌科技,20220617,66.92,73.61,73.61,73.61,73.61,427810,31491094,6.69,9.997,73.61,1.5304,2057657135,,8230550955.06,27953500,0,111812946,47.1127,11.6237,39.0196,-43.6865,
001270.SZ,铖昌科技,20220620,73.61,80.97,80.97,80.97,80.97,7775101,629549928,7.36,9.9986,80.97,27.8144,2263394895,,9053494237.62,27953500,0,111812946,51.8233,12.7859,42.9211,-48.0545,
001270.SZ,铖昌科技,20220621,80.97,85.99,89.07,83.88,89.07,12472186,1085504003,8.1,10.0037,87.034,44.6176,2489818245,,9959179100.22,27953500,0,111812946,57.0075,14.0649,47.2148,-52.8618,
001270.SZ,铖昌科技,20220622,89.07,89.07,97.98,86.01,93.52,18052846,1672091421,4.45,4.9961,92.622,64.5817,2614211320,,10456746709.92,27953500,0,111812946,59.8557,14.7676,49.5736,-55.5028,
001270.SZ,铖昌科技,20220623,93.52,99.5,102.87,99.13,102.87,5623295,570984611,9.35,9.9979,101.5392,20.1166,2875576545,,11502197755.02,27953500,0,111812946,65.84,16.2441,54.5299,-61.0519,
001270.SZ,铖昌科技,20220624,102.87,106.63,113.16,106,106.9,10330377,1127767052,4.03,3.9176,109.17,36.9556,2988229150,,11952803927.4,27953500,0,111812946,68.4193,16.8804,56.6662,-63.4436,
001270.SZ,铖昌科技,20220627,106.9,107.11,115.29,107.01,114.6,8957583,1002126403,7.7,7.203,111.8746,32.0446,3203471100,,12813763611.6,27953500,0,111812946,73.3475,18.0963,60.7478,-68.0134,
001270.SZ,铖昌科技,20220628,114.6,112.11,113.81,105.1,110.99,9833469,1078095968,-3.61,-3.1501,109.6354,35.178,3102558965,,12410118876.54,27953500,0,111812946,71.037,17.5263,58.8342,-65.871,
001270.SZ,铖昌科技,20220629,110.99,111,111.98,99.89,100,9795770,1001048166,-10.99,-9.9018,102.1919,35.0431,2795350000,,11181294600,27953500,0,111812946,64.0031,15.7909,53.0086,-59.3486,
001270.SZ,铖昌科技,20220630,100,100.1,102.89,98.01,101.2,6388293,644466733,1.2,1.2,100.8825,22.8533,2828894200,,11315470135.2,27953500,0,111812946,64.7711,15.9804,53.6447,-60.0607,
001270.SZ,铖昌科技,20220701,101.2,100,111.32,98.08,111.32,7715060,818753550,10.12,10,106.1241,27.5996,3111783620,,12447017148.72,27953500,0,111812946,71.2482,17.5784,59.0092,-66.0668,
001270.SZ,铖昌科技,20220704,111.32,111,111,100.19,100.19,8704357,896609379,-11.13,-9.9982,103.007,31.1387,2800661165,,11202539059.74,27953500,0,111812946,64.1247,15.8209,53.1093,-59.4613,
001270.SZ,铖昌科技,20220705,100.19,98.02,99.84,90.17,92.69,8258086,779106239,-7.5,-7.4858,94.3447,29.5422,2591009915,,10363941964.74,27953500,0,111812946,59.3245,14.6366,49.1337,-55.0102,
001270.SZ,铖昌科技,20220706,92.69,91.05,95.66,89.92,93.24,5042250,471054855,0.55,0.5934,93.4216,18.038,2606384340,,10425439085.04,27953500,0,111812946,59.6765,14.7234,49.4252,-55.3366,
001270.SZ,铖昌科技,20220707,93.24,92.38,95,88.9,93.3,4703238,432560343,0.06,0.0644,91.9708,16.8252,2608061550,,10432147861.8,27953500,0,111812946,59.7149,14.7329,49.457,-55.3722,
001270.SZ,铖昌科技,20220708,93.3,93.3,96.74,91.39,92.1,4674876,437602070,-1.2,-1.2862,93.6072,16.7238,2574517350,,10297972326.6,27953500,0,111812946,58.9468,14.5434,48.8209,-54.66,
001270.SZ,铖昌科技,20220711,92.1,91.15,92.99,83.5,85.27,7417888,643513535,-6.83,-7.4159,86.7516,26.5365,2383594945,,9534289905.42,27953500,0,111812946,54.5754,13.4649,45.2004,-50.6065,
001270.SZ,铖昌科技,20220712,85.27,85.3,91.33,85.3,88.28,5630159,496146467,3.01,3.53,88.123,20.1412,2467734980,,9870846872.88,27953500,0,111812946,56.5019,13.9402,46.796,-52.3929,
001270.SZ,铖昌科技,20220713,88.28,86.97,86.97,83.28,84.99,4384847,371782664,-3.29,-3.7268,84.7881,15.6862,2375767965,,9502982280.54,27953500,0,111812946,54.3962,13.4207,45.052,-50.4403,
001270.SZ,铖昌科技,20220714,84.99,83.32,87.38,83.05,86.09,3529470,302952446,1.1,1.2943,85.8351,12.6262,2406516815,,9625976521.14,27953500,0,111812946,55.1002,13.5944,45.6351,-51.0932,
001270.SZ,铖昌科技,20220715,86.09,86,94.7,85,90.9,7101177,653439074,4.81,5.5872,92.0184,25.4035,2540973150,,10163796791.4,27953500,0,111812946,58.1788,14.3539,48.1848,-53.9478,
001270.SZ,铖昌科技,20220718,90.9,90.9,94.47,90.5,93.9,4901985,454356014,3,3.3003,92.6882,17.5362,2624833650,,10499235629.4,27953500,0,111812946,60.0989,14.8276,49.7751,-55.7283,
001270.SZ,铖昌科技,20220719,93.9,93.8,103.29,92.57,103.29,5112973,508161998,9.39,10,99.3868,18.291,2887317015,,11549159192.34,27953500,0,111812946,66.1088,16.3104,54.7526,-61.3011,
001270.SZ,铖昌科技,20220720,103.29,104.99,113.62,104.01,113.62,8059437,882086581,10.33,10.001,109.4477,28.8316,3176076670,,12704186924.52,27953500,0,111812946,72.7203,17.9416,60.2284,-67.4318,
001270.SZ,铖昌科技,20220721,113.62,111.5,114.8,109.01,113.84,5431427,609206821,0.22,0.1936,112.1633,19.4302,3182226440,,12728785772.64,27953500,0,111812946,72.8611,17.9763,60.345,-67.5624,
001270.SZ,铖昌科技,20220722,113.84,112.51,119.08,106.78,109,5913725,659668608,-4.84,-4.2516,111.5487,21.1556,3046931500,,12187611114,27953500,0,111812946,69.7634,17.2121,57.7794,-64.6899,
001270.SZ,铖昌科技,20220725,109,107.61,119.9,107.61,118.84,7393572,862506937,9.84,9.0275,116.6563,26.4495,3321993940,,13287850502.64,27953500,0,111812946,76.0613,18.7659,62.9954,-70.5298,
001270.SZ,铖昌科技,20220726,118.84,116,117,112,115.01,5478277,627102567,-3.83,-3.2228,114.4708,19.5978,3214932035,,12859606919.46,27953500,0,111812946,73.6099,18.1611,60.9652,-68.2568,
001270.SZ,铖昌科技,20220727,115.01,115.1,119,112.5,118.2,4136452,479457548,3.19,2.7737,115.9103,14.7976,3304103700,,13216290217.2,27953500,0,111812946,75.6516,18.6648,62.6562,-70.15,
001270.SZ,铖昌科技,20220728,118.2,118.51,124.09,111.33,112,5788190,677573355,-6.2,-5.2453,117.0614,20.7065,3130792000,,12523049952,27953500,0,111812946,71.6834,17.6858,59.3696,-66.4704,
001270.SZ,铖昌科技,20220729,112,110.95,115,109.01,110.18,3695701,415192467,-1.82,-1.625,112.3447,13.2209,3079916630,,12319550390.28,27953500,0,111812946,70.5186,17.3984,58.4049,-65.3902,
001270.SZ,铖昌科技,20220801,110.18,106.78,114.5,106.78,113,3194235,357664972,2.82,2.5594,111.972,11.427,3158745500,,12634862898,27953500,0,111812946,72.3235,17.8437,59.8997,-67.0639,
001270.SZ,铖昌科技,20220802,113,112.5,117,107.58,109.65,3731538,418088843,-3.35,-2.9646,112.042,13.3491,3065101275,,12260289528.9,27953500,0,111812946,70.1794,17.3147,58.1239,-65.0757,
001270.SZ,铖昌科技,20220803,109.65,110.24,120.62,110.24,120.62,5960581,702793825,10.97,10.0046,117.9069,21.3232,3371751170,,13486877546.52,27953500,0,111812946,77.2005,19.047,63.939,-71.5862,
001270.SZ,铖昌科技,20220804,120.62,122,122,112.6,116.6,6543884,762424985,-4.02,-3.3328,116.5096,23.4099,3259378100,,13037389503.6,27953500,0,111812946,74.6276,18.4122,61.808,-69.2004,
001270.SZ,铖昌科技,20220805,116.6,116,128.26,116,128.26,6654575,829411088,11.66,10,124.6377,23.8059,3585315910,,14341128453.96,27953500,0,111812946,82.0903,20.2534,67.9888,-76.1205,
001270.SZ,铖昌科技,20220808,128.26,130.01,131,120.87,128.98,6346167,793944220,0.72,0.5614,125.1061,22.7026,3605442430,,14421633775.08,27953500,0,111812946,82.5512,20.3671,68.3705,-76.5478,
001270.SZ,铖昌科技,20220809,128.98,126.88,126.99,121.65,124.29,4651379,574772475,-4.69,-3.6362,123.5703,16.6397,3474340515,,13897231058.34,27953500,0,111812946,79.5494,19.6265,65.8844,-73.7643,
001270.SZ,铖昌科技,20220810,124.29,123,126.83,119.33,119.6,4348918,533752024,-4.69,-3.7734,122.7321,15.5577,3343238600,,13372828341.6,27953500,0,111812946,76.5477,18.8859,63.3983,-70.9809,
001270.SZ,铖昌科技,20220811,119.6,120,121.9,116,121.02,3839946,457044522,1.42,1.1873,119.0237,13.7369,3382932570,,13531602724.92,27953500,0,111812946,77.4565,19.1101,64.151,-71.8236,
001270.SZ,铖昌科技,20220812,121.02,119.18,119.73,110.13,111.63,4747215,542909546,-9.39,-7.759,114.3638,16.9825,3120449205,,12481679161.98,27953500,0,111812946,71.4466,17.6274,59.1735,-66.2508,
001270.SZ,铖昌科技,20220815,111.63,111,115,107.99,114.2,3400523,381885376,2.57,2.3022,112.302,12.1649,3192289700,,12769038433.2,27953500,0,111812946,73.0915,18.0332,60.5358,-67.7761,
001270.SZ,铖昌科技,20220816,114.2,114,114.99,112,113.03,2060169,233014220,-1.17,-1.0245,113.1044,7.37,3159584105,,12638217286.38,27953500,0,111812946,72.3427,17.8484,59.9156,-67.0817,
001270.SZ,铖昌科技,20220817,113.03,112.3,114.16,110.3,112.83,1920755,215799736,-0.2,-0.1769,112.3515,6.8713,3153993405,,12615854697.18,27953500,0,111812946,72.2147,17.8168,59.8096,-66.963,
001270.SZ,铖昌科技,20220818,112.83,112.8,120.15,111.11,119.96,4372859,511911880,7.13,6.3192,117.0657,15.6433,3353301860,,13413081002.16,27953500,0,111812946,76.7781,18.9427,63.5891,-71.1945,
001270.SZ,铖昌科技,20220819,119.96,118.89,121.5,108.33,109.59,4445606,506827265,-10.37,-8.6445,114.0063,15.9036,3063424065,,12253580752.14,27953500,0,111812946,72.3178,9.7079,58.0921,-65.0401,
001270.SZ,铖昌科技,20220822,109.59,108,108,101,105.32,3386065,353378017,-4.27,-3.8963,104.3624,12.1132,2944062620,,11776139472.72,27953500,0,111812946,69.5,9.3297,55.8287,-62.5059,
001270.SZ,铖昌科技,20220823,105.32,105.05,106.5,102.8,104,2489014,258658047,-1.32,-1.2533,103.9199,8.9041,2907164000,,11628546384,27953500,0,111812946,68.629,9.2127,55.1289,-61.7225,
001270.SZ,铖昌科技,20220824,104,104,104.8,97.03,98.8,2737451,276326297,-5.2,-5,100.9429,9.7929,2761805800,,11047119064.8,27953500,0,111812946,65.1975,8.7521,52.3725,-58.6364,
001270.SZ,铖昌科技,20220825,98.8,99.21,102.88,98.8,99.92,2256097,227262205,1.12,1.1336,100.7325,8.0709,2793113720,,11172349564.32,27953500,0,111812946,65.9366,8.8513,52.9662,-59.3011,
001270.SZ,铖昌科技,20220826,99.92,99.58,103.95,97.92,99.35,2469500,248514016,-0.57,-0.5705,100.6333,8.8343,2777180225,,11108616185.1,27953500,0,111812946,65.5605,8.8008,52.664,-58.9628,
001270.SZ,铖昌科技,20220829,99.35,98,103.03,97.02,102.58,2388702,243145816,3.23,3.2511,101.7899,8.5453,2867470030,,11469772000.68,27953500,0,111812946,67.6919,9.0869,54.3762,-60.8797,
001270.SZ,铖昌科技,20220830,102.58,102.94,108,100.5,107.34,3621276,378765536,4.76,4.6403,104.5945,12.9546,3000528690,,12002001623.64,27953500,0,111812946,70.833,9.5086,56.8994,-63.7047,
001270.SZ,铖昌科技,20220831,107.34,108,109.34,102,104.2,2744979,288401298,-3.14,-2.9253,105.065,9.8198,2912754700,,11650908973.2,27953500,0,111812946,68.7609,9.2305,55.235,-61.8412,
001270.SZ,铖昌科技,20220901,104.2,103.02,106.19,99.28,99.68,2195584,224981071,-4.52,-4.3378,102.4698,7.8544,2786404880,,11145514457.28,27953500,0,111812946,65.7782,8.8301,52.839,-59.1586,
001270.SZ,铖昌科技,20220902,99.68,98.02,109.65,98.02,107.56,5202808,554284093,7.88,7.9053,106.5356,18.6124,3006678460,,12026600471.76,27953500,0,111812946,70.9782,9.5281,57.016,-63.8353,
001270.SZ,铖昌科技,20220905,107.56,110.38,113.91,104.5,108.6,5812613,635590858,1.04,0.9669,109.3468,20.7939,3035750100,,12142885935.6,27953500,0,111812946,71.6645,9.6202,57.5673,-64.4525,
001270.SZ,铖昌科技,20220906,108.6,106.09,109.99,103.55,108.7,3688279,395866026,0.1,0.0921,107.3308,13.1943,3038545450,,12154067230.2,27953500,0,111812946,71.7305,9.6291,57.6203,-64.5119,
001270.SZ,铖昌科技,20220907,108.7,107,114.2,106.78,109.1,3824868,426859786,0.4,0.368,111.6012,13.683,3049726850,,12198792408.6,27953500,0,111812946,71.9944,9.6645,57.8324,-64.7493,
001270.SZ,铖昌科技,20220908,109.1,110.1,120.01,107.38,117.58,5571287,636424124,8.48,7.7727,114.2329,19.9306,3286772530,,13146966190.68,27953500,0,111812946,77.5903,10.4157,62.3275,-69.782,
001270.SZ,铖昌科技,20220909,117.58,117,119.09,113.11,116.2,2992610,347519170,-1.38,-1.1737,116.1258,10.7057,3248196700,,12992664325.2,27953500,0,111812946,76.6797,10.2935,61.596,-68.963,
001270.SZ,铖昌科技,20220913,116.2,116.21,118.15,113,116.11,2205459,255155330,-0.09,-0.0775,115.6926,7.8897,3245680885,,12982601160.06,27953500,0,111812946,76.6203,10.2855,61.5483,-68.9096,
001270.SZ,铖昌科技,20220914,116.11,113.87,121.1,113.08,120.99,3531380,418083005,4.88,4.2029,118.3908,12.6331,3382093965,,13528248336.54,27953500,0,111812946,79.8406,10.7178,64.1351,-71.8058,
001270.SZ,铖昌科技,20220915,120.99,120.06,120.49,109.89,112.36,3455062,396191157,-8.63,-7.1328,114.6698,12.36,3140855260,,12563302612.56,27953500,0,111812946,74.1457,9.9533,59.5605,-66.684,
001270.SZ,铖昌科技,20220916,112.36,111.99,118.6,111,115.1,3509341,405870589,2.74,2.4386,115.6544,12.5542,3217447850,,12869670084.6,27953500,0,111812946,75.9538,10.196,61.0129,-68.3102,
001270.SZ,铖昌科技,20220919,115.1,114.85,116.65,108.98,111.7,2573884,289237008,-3.4,-2.954,112.3738,9.2077,3122405950,,12489506068.2,27953500,0,111812946,73.7101,9.8948,59.2106,-66.2923,
001270.SZ,铖昌科技,20220920,111.7,111.41,114.93,109.6,114,2240340,252833752,2.3,2.0591,112.8551,8.0145,3186699000,,12746675844,27953500,0,111812946,75.2279,10.0986,60.4298,-67.6574,
001270.SZ,铖昌科技,20220921,114,112.98,114.07,110.33,111.2,1624894,181778901,-2.8,-2.4561,111.8712,5.8128,3108429200,,12433599595.2,27953500,0,111812946,73.3802,9.8505,58.9456,-65.9956,
001270.SZ,铖昌科技,20220922,111.2,111,116.66,110.5,114.12,2333394,267606917,2.92,2.6259,114.6857,8.3474,3190053420,,12760093397.52,27953500,0,111812946,75.3071,10.1092,60.4934,-67.7286,
001270.SZ,铖昌科技,20220923,114.12,113,114.98,107.5,111.58,2424418,268757279,-2.54,-2.2257,110.8543,8.673,3119051530,,12476088514.68,27953500,0,111812946,73.631,9.8842,59.147,-66.2211,
001270.SZ,铖昌科技,20220926,111.58,111.18,112.39,108.5,110.23,1603629,176569483,-1.35,-1.2099,110.1062,5.7368,3081314305,,12325141037.58,27953500,0,111812946,72.7401,9.7646,58.4314,-65.4199,
001270.SZ,铖昌科技,20220927,110.23,110.25,113.3,109.7,111.28,1733668,193008117,1.05,0.9526,111.3293,6.202,3110665480,,12442544630.88,27953500,0,111812946,73.433,9.8576,58.988,-66.0431,
001270.SZ,铖昌科技,20220928,111.28,110.6,110.76,100.89,100.89,3292903,343758104,-10.39,-9.3368,104.3936,11.7799,2820228615,,11280808121.94,27953500,0,111812946,66.5767,8.9372,53.4804,-59.8768,
001270.SZ,铖昌科技,20220929,100.89,100.89,106.66,100,104.5,2332366,242196275,3.61,3.5782,103.8415,8.3437,2921140750,,11684452857,27953500,0,111812946,68.9589,9.257,55.394,-62.0192,
001270.SZ,铖昌科技,20220930,104.5,103.33,105.29,98.8,99.9,1987121,199910822,-4.6,-4.4019,100.6032,7.1087,2792554650,,11170113305.4,27953500,0,111812946,65.9234,8.8495,52.9556,-59.2892,
001270.SZ,铖昌科技,20221010,99.9,99.22,100,93.6,94.32,1509252,143959389,-5.58,-5.5856,95.3846,5.3992,2636574120,,10546197066.72,27953500,0,111812946,62.2412,8.3552,49.9977,-55.9776,
001270.SZ,铖昌科技,20221011,94.32,93.99,96.46,92.1,94.7,1057413,100125058,0.38,0.4029,94.6887,3.7828,2647196450,,10588685986.2,27953500,0,111812946,62.492,8.3889,50.1991,-56.2031,
001270.SZ,铖昌科技,20221012,94.7,94.7,101.88,94,101.75,1793168,174563578,7.05,7.4446,97.3493,6.4148,2844268625,,11376967255.5,27953500,0,111812946,67.1442,9.0134,53.9362,-60.3872,
001270.SZ,铖昌科技,20221013,101.75,101.97,110.39,100,107.8,3368777,361132128,6.05,5.9459,107.1998,12.0514,3013387300,,12053435578.8,27953500,0,111812946,71.1366,9.5494,57.1433,-63.9777,
001270.SZ,铖昌科技,20221014,107.8,106.68,108.66,104,106.2,1864797,197317545,-1.6,-1.4842,105.8118,6.6711,2968661700,,11874534865.2,27953500,0,111812946,70.0807,9.4076,56.2951,-63.0282,
001270.SZ,铖昌科技,20221017,106.2,104.58,112.12,104.58,111.92,2817909,308913539,5.72,5.3861,109.6251,10.0807,3128555720,,12514104916.32,27953500,0,111812946,73.8553,9.9143,59.3272,-66.4229,
001270.SZ,铖昌科技,20221018,111.92,111,112.97,108.38,111.6,1658694,184049027,-0.32,-0.2859,110.9602,5.9338,3119610600,,12478324773.6,27953500,0,111812946,73.6442,9.886,59.1576,-66.233,
001270.SZ,铖昌科技,20221019,111.6,111.5,115.7,109.81,112.35,2236772,253034265,0.75,0.672,113.1247,8.0018,3140575725,,12562184483.1,27953500,0,111812946,74.1391,9.9524,59.5552,-66.6781,
001270.SZ,铖昌科技,20221020,112.35,111.33,117.99,110,114.53,2512962,288847420,2.18,1.9404,114.943,8.9898,3201514355,,12805936705.38,27953500,0,111812946,75.5776,10.1455,60.7107,-67.9719,
001270.SZ,铖昌科技,20221021,114.53,113.5,116.18,112.94,115.06,1756787,201053883,0.53,0.4628,114.4441,6.2847,3216329710,,12865197566.76,27953500,0,111812946,75.9274,10.1925,60.9917,-68.2865,
001270.SZ,铖昌科技,20221024,115.06,115.95,125.55,115.18,120.52,3003668,360621336,5.46,4.7454,120.0603,10.7452,3368955820,,13475696251.92,27953500,0,111812946,79.5304,10.6761,63.886,-71.5269,
001270.SZ,铖昌科技,20221025,120.52,119,129.88,118.65,125.99,3388802,426905165,5.47,4.5387,125.9752,12.123,3521861465,,14087313066.54,27953500,0,111812946,83.14,11.1607,66.7855,-74.7732,
001270.SZ,铖昌科技,20221026,125.99,125,129.27,122,128.52,2596581,328723506,2.53,2.0081,126.5986,9.2889,3592583820,,14370199819.92,27953500,0,111812946,84.8096,11.3848,68.1266,-76.2748,
001270.SZ,铖昌科技,20221027,128.52,127.77,127.8,123.99,125.29,2162235,271736363,-3.23,-2.5132,125.6738,7.7351,3502294015,,14009044004.34,27953500,0,111812946,82.6781,11.0987,66.4145,-74.3578,
001270.SZ,铖昌科技,20221028,125.29,126.5,131,122.5,122.99,2280277,287511711,-2.3,-1.8357,126.0863,8.1574,3438000965,,13751874228.54,27953500,0,111812946,81.1603,10.8949,65.1953,-72.9928,
001270.SZ,铖昌科技,20221031,122.99,120.5,131.33,120.5,129.34,3967389,509285044,6.35,5.163,128.3678,14.1928,3615505690,,14461886435.64,27953500,0,111812946,81.5645,11.4154,68.5613,-76.7614,
001270.SZ,铖昌科技,20221101,129.34,132,133.78,127.13,129.8,3256840,422650309,0.46,0.3557,129.7731,11.6509,3628364300,,14513320390.8,27953500,0,111812946,81.8546,11.456,68.8052,-77.0344,
001270.SZ,铖昌科技,20221102,129.8,128.2,129.28,122.6,124.77,3364429,421303555,-5.03,-3.8752,125.2229,12.0358,3487758195,,13950901272.42,27953500,0,111812946,78.6826,11.0121,66.1388,-74.0492,
001270.SZ,铖昌科技,20221103,124.77,122.9,127.16,122.68,126.79,2314809,291472982,2.02,1.619,125.9166,8.2809,3544224265,,14176763423.34,27953500,0,111812946,79.9565,11.1904,67.2096,-75.248,
001270.SZ,铖昌科技,20221104,126.79,126,131.1,122.5,129.88,2850015,363119612,3.09,2.4371,127.4097,10.1956,3630600580,,14522265426.48,27953500,0,111812946,81.9051,11.4631,68.8476,-77.0819,
001270.SZ,铖昌科技,20221107,129.88,129.54,131.6,121.11,122.97,3270241,406584937,-6.91,-5.3203,124.3287,11.6989,3437441895,,13749637969.62,27953500,0,111812946,77.5475,10.8532,65.1847,-72.9809,
001270.SZ,铖昌科技,20221108,122.97,122.97,123.7,119.66,120.05,2104697,254509980,-2.92,-2.3746,120.9248,7.5293,3355817675,,13423144167.3,27953500,0,111812946,75.7061,10.5955,63.6368,-71.2479,
001270.SZ,铖昌科技,20221109,120.05,121.58,123.19,116.52,120.59,2165735,261408890,0.54,0.4498,120.7022,7.7476,3370912565,,13483523158.14,27953500,0,111812946,76.0466,10.6432,63.9231,-71.5684,
001270.SZ,铖昌科技,20221110,120.59,119.2,121.38,115,115.5,2029197,237865572,-5.09,-4.2209,117.2215,7.2592,3228629250,,12914395263,27953500,0,111812946,72.8367,10.1939,61.2249,-68.5476,
001270.SZ,铖昌科技,20221111,115.5,118.5,121.35,116.1,117.1,2268287,269404811,1.6,1.3853,118.7702,8.1145,3273354850,,13093295976.6,27953500,0,111812946,73.8457,10.3351,62.0731,-69.4972,
001270.SZ,铖昌科技,20221114,117.1,116.5,117.68,113.3,114.93,1614970,186277246,-2.17,-1.8531,115.3441,5.7773,3212695755,,12850661883.78,27953500,0,111812946,72.4773,10.1436,60.9228,-68.2093,
001270.SZ,铖昌科技,20221115,114.93,114.5,121.5,114.5,120.89,2745296,328606804,5.96,5.1858,119.6981,9.8209,3379298615,,13517067041.94,27953500,0,111812946,76.2358,10.6696,64.0821,-71.7465,
001270.SZ,铖昌科技,20221116,120.89,120,123.5,117.08,117.38,2552790,307166080,-3.51,-2.9035,120.3256,9.1323,3281181830,,13124603601.48,27953500,0,111812946,74.0223,10.3598,62.2215,-69.6633,
001270.SZ,铖昌科技,20221117,117.38,116.4,126.45,113,124.9,3601188,432764374,7.52,6.4065,120.1727,12.8828,3491392150,,13965436955.4,27953500,0,111812946,78.7646,11.0236,66.2077,-74.1264,
001270.SZ,铖昌科技,20221118,124.9,124.46,129.99,122,122.49,3167138,398617214,-2.41,-1.9295,125.8604,11.33,3424024215,,13695967755.54,27953500,0,111812946,77.2448,10.8109,64.9302,-72.696,
001270.SZ,铖昌科技,20221121,122.49,120.74,125.06,119.47,123.77,1999844,245274346,1.28,1.045,122.6467,7.1542,3459804695,,13839088326.42,27953500,0,111812946,78.052,10.9238,65.6087,-73.4557,
001270.SZ,铖昌科技,20221122,123.77,123.5,127.75,121.43,125.1,2035464,254758971,1.33,1.0746,125.1601,7.2816,3496982850,,13987799544.6,27953500,0,111812946,78.8907,11.0412,66.3138,-74.245,
001270.SZ,铖昌科技,20221123,125.1,124.25,125.15,116.18,120.87,2098656,251880298,-4.23,-3.3813,120.0198,7.5077,3378739545,,13514830783.02,27953500,0,111812946,76.2232,10.6679,64.0715,-71.7346,
001270.SZ,铖昌科技,20221124,120.87,121.9,122.6,117.83,119.05,1258151,150860328,-1.82,-1.5057,119.9064,4.5009,3327864175,,13311331221.3,27953500,0,111812946,75.0754,10.5072,63.1067,-70.6545,
001270.SZ,铖昌科技,20221125,119.05,120.2,120.92,115.55,117.05,1367369,160850888,-2,-1.68,117.6353,4.8916,3271957175,,13087705329.3,27953500,0,111812946,73.8142,10.3307,62.0466,-69.4675,
001270.SZ,铖昌科技,20221128,117.05,115.11,118.4,113.23,115.39,1465100,168742981,-1.66,-1.4182,115.1751,5.2412,3225554365,,12902095838.94,27953500,0,111812946,72.7674,10.1842,61.1666,-68.4823,
001270.SZ,铖昌科技,20221129,115.39,115.38,116.28,113.54,114.61,1308129,150360032,-0.78,-0.676,114.9428,4.6797,3203750635,,12814881741.06,27953500,0,111812946,72.2755,10.1154,60.7532,-68.0194,
001270.SZ,铖昌科技,20221130,114.61,114.3,114.92,109.5,110.99,1924600,213592805,-3.62,-3.1585,110.9804,6.885,3102558965,,12410118876.54,27953500,0,111812946,69.9926,9.7959,58.8342,-65.871,
001270.SZ,铖昌科技,20221201,110.99,111.8,114.5,110.59,113.24,1521407,172069276,2.25,2.0272,113.0988,5.4426,3165454340,,12661698005.04,27953500,0,111812946,71.4115,9.9945,60.0269,-67.2063,
001270.SZ,铖昌科技,20221202,113.24,113.23,116.9,111.6,115.34,1670507,192161032,2.1,1.8545,115.0316,5.976,3224156690,,12896505191.64,27953500,0,111812946,72.7358,10.1798,61.1401,-68.4526,
001270.SZ,铖昌科技,20221205,115.34,115.55,116.12,112.35,115.55,1405084,160688785,0.21,0.1821,114.3624,5.0265,3230026925,,12919985910.3,27953500,0,111812946,72.8683,10.1983,61.2514,-68.5773,
001270.SZ,铖昌科技,20221206,115.55,115,117.44,114.36,114.97,1110978,128336725,-0.58,-0.5019,115.5169,3.9744,3213813895,,12855134401.62,27953500,0,111812946,72.5025,10.1471,60.944,-68.233,
001270.SZ,铖昌科技,20221207,114.97,113.55,116.86,112,113.01,1501427,171115501,-1.96,-1.7048,113.9686,5.3712,3159025035,,12635981027.46,27953500,0,111812946,71.2665,9.9742,59.905,-67.0698,
001270.SZ,铖昌科技,20221208,113.01,112.39,112.88,110,110.15,1232623,137203941,-2.86,-2.5307,111.3105,4.4095,3079078025,,12316196001.9,27953500,0,111812946,69.4629,9.7217,58.389,-65.3724,
001270.SZ,铖昌科技,20221209,110.15,110.5,110.5,107.7,108.8,1219816,132452186,-1.35,-1.2256,108.5837,4.3637,3041340800,,12165248524.8,27953500,0,111812946,68.6116,9.6026,57.6734,-64.5712,
001270.SZ,铖昌科技,20221212,108.8,108.77,117,107.5,115.38,2327454,264062455,6.58,6.0478,113.4555,8.3262,3225274830,,12900977709.48,27953500,0,111812946,72.7611,10.1833,61.1613,-68.4764,
001270.SZ,铖昌科技,20221213,115.38,114.08,117.95,111.35,111.68,1619168,184851330,-3.7,-3.2068,114.1644,5.7924,3121846880,,12487269809.28,27953500,0,111812946,70.4278,9.8568,59.2,-66.2805,
001270.SZ,铖昌科技,20221214,111.68,113.88,116.47,113.48,114.29,1748531,201330274,2.61,2.337,115.1425,6.2551,3194805515,,12779101598.34,27953500,0,111812946,72.0737,10.0871,60.5835,-67.8295,
001270.SZ,铖昌科技,20221215,114.29,112.1,116.45,110.25,113.29,1350915,153725569,-1,-0.875,113.7937,4.8327,3166852015,,12667288652.34,27953500,0,111812946,71.4431,9.9989,60.0534,-67.236,
001270.SZ,铖昌科技,20221216,113.29,112.7,112.7,110.01,110.8,899337,99714636,-2.49,-2.1979,110.8757,3.2173,3097247800,,12388874416.8,27953500,0,111812946,69.8728,9.7791,58.7335,-65.7582,
001270.SZ,铖昌科技,20221219,110.8,112,112.15,108.55,108.81,601862,66247004,-1.99,-1.796,110.0701,2.1531,3041620335,,12166366654.26,27953500,0,111812946,68.6179,9.6035,57.6786,-64.5772,
001270.SZ,铖昌科技,20221220,108.81,108.03,110.27,108,108.63,445521,48578354,-0.18,-0.1654,109.0372,1.5938,3036588705,,12146240323.98,27953500,0,111812946,68.5044,9.5876,57.5832,-64.4703,
001270.SZ,铖昌科技,20221221,108.63,108.1,108.96,103.87,106.17,1103456,116945310,-2.46,-2.2646,105.9809,3.9475,2967823095,,11871180476.82,27953500,0,111812946,66.953,9.3705,56.2792,-63.0104,
001270.SZ,铖昌科技,20221222,106.17,105.99,106.2,103,103.19,579904,60658423,-2.98,-2.8068,104.6008,2.0745,2884521665,,11537977897.74,27953500,0,111812946,65.0738,9.1075,54.6996,-61.2418,
001270.SZ,铖昌科技,20221223,103.19,103,103.53,101.19,102.1,494845,50524460,-1.09,-1.0563,102.1016,1.7702,2854052350,,11416101786.6,27953500,0,111812946,64.3864,9.0112,54.1218,-60.5949,
001270.SZ,铖昌科技,20221226,102.1,102.1,112.31,101,112.31,1662522,180979532,10.21,10,108.8584,5.9475,3139457585,,12557711965.26,27953500,0,111812946,70.8251,9.9124,59.534,-66.6544,
001270.SZ,铖昌科技,20221227,112.31,113.96,119.09,112.3,118,2318111,268567471,5.69,5.0663,115.8562,8.2927,3298513000,,13193927628,27953500,0,111812946,74.4133,10.4146,62.5501,-70.0313,
001270.SZ,铖昌科技,20221228,118,119.98,121,118,120.05,1931599,231381765,2.05,1.7373,119.7877,6.91,3355817675,,13423144167.3,27953500,0,111812946,75.7061,10.5955,63.6368,-71.2479,
001270.SZ,铖昌科技,20221229,120.05,120.2,125.5,119.34,121,1452888,176364948,0.95,0.7913,121.3892,5.1975,3382373500,,13529366466,27953500,0,111812946,76.3052,10.6793,64.1404,-71.8118,
001270.SZ,铖昌科技,20221230,121,121.8,123,119.37,122,1313440,158956165,1,0.8264,121.0228,4.6987,3410327000,,13641179412,27953500,0,111812946,76.9358,10.7676,64.6705,-72.4052,
